{"loss": [1.0234332084655762, 1.0159025192260742, 1.0104540586471558, 1.0066964626312256, 1.0041908025741577, 1.0025620460510254, 1.0015383958816528, 1.0009125471115112, 1.0005229711532593, 1.0002983808517456, 1.000163197517395, 1.0000851154327393, 1.000043511390686, 1.0000126361846924, 0.9999951720237732, 0.9999847412109375, 0.999974250793457, 0.9999658465385437, 0.999967634677887, 0.9999626874923706, 0.9999676942825317, 0.9999646544456482, 0.9999626874923706, 0.9999575018882751, 0.999957263469696, 0.9999547004699707, 0.9999514818191528, 0.9999542832374573, 0.9999554753303528, 0.9999554753303528, 0.9999555349349976, 0.9999545216560364, 0.9999542236328125, 0.9999556541442871, 0.9999535083770752, 0.9999534487724304, 0.9999504089355469, 0.9999512434005737, 0.9999533891677856, 0.999952495098114, 0.9999537467956543, 0.9999546408653259, 0.9999527931213379, 0.9999513626098633, 0.9999526143074036, 0.9999540448188782, 0.9999537467956543, 0.9999535083770752, 0.9999536275863647, 0.9999555349349976, 0.999951958656311, 0.9999521970748901], "mae": [0.5887995362281799, 0.588606059551239, 0.5885719060897827, 0.5885549187660217, 0.5885522365570068, 0.5885505080223083, 0.5885493159294128, 0.5885454416275024, 0.5885471701622009, 0.5885453224182129, 0.5885440707206726, 0.5885465145111084, 0.5885469317436218, 0.5885441899299622, 0.5885447263717651, 0.5885414481163025, 0.5885409116744995, 0.5885391235351562, 0.5885387659072876, 0.5885380506515503, 0.5885399580001831, 0.588539183139801, 0.5885376334190369, 0.5885353684425354, 0.5885341763496399, 0.588534414768219, 0.5885319113731384, 0.5885342359542847, 0.5885351300239563, 0.5885337591171265, 0.5885353088378906, 0.5885351896286011, 0.5885343551635742, 0.5885348916053772, 0.5885331630706787, 0.5885339379310608, 0.5885327458381653, 0.5885335206985474, 0.5885339379310608, 0.5885326266288757, 0.5885341763496399, 0.588534951210022, 0.5885341763496399, 0.5885328054428101, 0.5885332226753235, 0.5885335803031921, 0.5885335803031921, 0.5885332822799683, 0.5885334610939026, 0.588534414768219, 0.5885334014892578, 0.5885328650474548], "val_loss": [1.579250454902649, 1.572995662689209, 1.568587303161621, 1.5656083822250366, 1.5636558532714844, 1.5624116659164429, 1.561638355255127, 1.561165452003479, 1.5608831644058228, 1.560717225074768, 1.560619831085205, 1.5605629682540894, 1.5605297088623047, 1.5605088472366333, 1.560495376586914, 1.5604867935180664, 1.5604820251464844, 1.5604791641235352, 1.560476303100586, 1.5604745149612427, 1.5604733228683472, 1.560472011566162, 1.5604714155197144, 1.5604702234268188, 1.5604697465896606, 1.5604692697525024, 1.5604690313339233, 1.5604685544967651, 1.5604681968688965, 1.560468077659607, 1.5604678392410278, 1.5604678392410278, 1.5604677200317383, 1.5604673624038696, 1.5604673624038696, 1.56046724319458, 1.5604671239852905, 1.5604671239852905, 1.5604671239852905, 1.5604671239852905, 1.5604668855667114, 1.5604671239852905, 1.5604668855667114, 1.5604667663574219, 1.5604668855667114, 1.5604668855667114, 1.5604668855667114, 1.5604668855667114, 1.5604668855667114, 1.5604667663574219, 1.5604668855667114, 1.5604668855667114], "val_mae": [0.6771681904792786, 0.6771482229232788, 0.6771469712257385, 0.6771472096443176, 0.677140474319458, 0.6771427392959595, 0.6771436929702759, 0.6771438121795654, 0.6771470904350281, 0.6771441102027893, 0.67714524269104, 0.6771425008773804, 0.6771456003189087, 0.6771431565284729, 0.6771421432495117, 0.6771466732025146, 0.6771408319473267, 0.6771430969238281, 0.677141010761261, 0.6771409511566162, 0.6771405339241028, 0.677141547203064, 0.6771412491798401, 0.6771416664123535, 0.6771406531333923, 0.6771402359008789, 0.6771405339241028, 0.6771406531333923, 0.6771407127380371, 0.6771406531333923, 0.6771407723426819, 0.6771411299705505, 0.6771411299705505, 0.677141010761261, 0.6771407127380371, 0.6771406531333923, 0.6771405339241028, 0.6771405935287476, 0.6771406531333923, 0.6771406531333923, 0.6771406531333923, 0.6771406531333923, 0.6771406531333923, 0.6771406531333923, 0.6771406531333923, 0.6771406531333923, 0.6771407127380371, 0.6771407127380371, 0.6771407127380371, 0.6771407127380371, 0.6771406531333923, 0.6771407127380371], "lr": [0.0010000000474974513, 0.0010000000474974513, 0.0010000000474974513, 0.0010000000474974513, 0.0010000000474974513, 0.0010000000474974513, 0.0010000000474974513, 0.0010000000474974513, 0.0010000000474974513, 0.0010000000474974513, 0.0010000000474974513, 0.0010000000474974513, 0.0010000000474974513, 0.0010000000474974513, 0.0010000000474974513, 0.0010000000474974513, 0.0005000000237487257, 0.0005000000237487257, 0.0005000000237487257, 0.0005000000237487257, 0.0002500000118743628, 0.0002500000118743628, 0.0002500000118743628, 0.0002500000118743628, 0.0001250000059371814, 0.0001250000059371814, 0.0001250000059371814, 0.0001250000059371814, 6.25000029685907e-05, 6.25000029685907e-05, 6.25000029685907e-05, 6.25000029685907e-05, 3.125000148429535e-05, 3.125000148429535e-05, 3.125000148429535e-05, 3.125000148429535e-05, 1.5625000742147677e-05, 1.5625000742147677e-05, 1.5625000742147677e-05, 1.5625000742147677e-05, 7.812500371073838e-06, 7.812500371073838e-06, 7.812500371073838e-06, 7.812500371073838e-06, 3.906250185536919e-06, 3.906250185536919e-06, 3.906250185536919e-06, 3.906250185536919e-06, 1.9531250927684596e-06, 1.9531250927684596e-06, 1.9531250927684596e-06, 1.9531250927684596e-06]}